,,R2,R2,RMSE,RMSE,MAE,MAE
,,mean,std,mean,std,mean,std
source,target,,,,,,
bgr_only,DM,-3.0597191331545117,1.0653596511859023,44.73217926025391,8.759892605849597,37.39140701293945,7.2023470726377985
bgr_only,NC,-1.0959372695533234,0.3930783464675001,0.42716056704521177,0.07887231697561128,0.36824349164962766,0.0755501655933232
bgr_only,NU,-3.4387904433390775,2.424701478208783,1.9582989454269408,0.3827940805016446,1.6439855337142943,0.36640238119608953
bgr_plus_802,DM,0.27308551506542367,0.4280057310595124,17.98590030670166,3.7327568668432187,13.8032377243042,2.697792338740478
bgr_plus_802,NC,0.1786047390730629,0.325801647179098,0.2635042667388916,0.06100589753206781,0.20880115628242493,0.05188399280460884
bgr_plus_802,NU,0.5851641759359651,0.13777285030888933,0.6149955213069915,0.12682689868277577,0.4643486201763153,0.08927092242542203
genuine,DM,0.3603484576989045,0.36155520017797393,16.781813430786134,3.7426318794671207,12.835687446594239,2.379202885427619
genuine,NC,0.4207858336045712,0.18010574800157805,0.21954478323459625,0.027431677159443255,0.17658278346061707,0.02152172812000178
genuine,NU,0.5917635489401264,0.2964834854747907,0.5705494701862335,0.12380031753778285,0.41806791424751283,0.0779052609090311
