fold,source,target,R2,RMSE,MAE,final_epoch
0,genuine,DM,0.6932783676774493,20.8889217376709,13.66297435760498,149
0,genuine,NC,0.3338857205314474,0.19361266493797302,0.15652140974998474,149
0,genuine,NU,0.7891075669829302,0.7469832897186279,0.4900486171245575,149
0,bgr_only,DM,-1.4197002683565265,58.67115020751953,48.229896545410156,149
0,bgr_only,NC,-1.667990824922081,0.3874819874763489,0.35224369168281555,149
0,bgr_only,NU,-1.3202084233594245,2.4776723384857178,2.0549168586730957,149
0,bgr_plus_802,DM,0.6434963000203469,22.5203857421875,16.4523868560791,149
0,bgr_plus_802,NC,0.4784379743078401,0.17132169008255005,0.12903673946857452,149
0,bgr_plus_802,NU,0.7676545867725914,0.7840566635131836,0.538142740726471,149
1,genuine,DM,0.7672598811822869,10.820932388305664,8.859524726867676,149
1,genuine,NC,0.23962990437852272,0.21056653559207916,0.16758094727993011,149
1,genuine,NU,0.8214754277104359,0.4126996695995331,0.3261728882789612,149
1,bgr_only,DM,-2.8741272518942247,44.148502349853516,34.52751922607422,149
1,bgr_only,NC,-0.8922209363237239,0.33217179775238037,0.26142802834510803,149
1,bgr_only,NU,-2.3181195880644725,1.7792260646820068,1.4026812314987183,149
1,bgr_plus_802,DM,0.6675687830653155,12.932424545288086,10.61942195892334,149
1,bgr_plus_802,NC,-0.13224370145932274,0.25694888830184937,0.19681857526302338,149
1,bgr_plus_802,NU,0.6491766367267249,0.5785346627235413,0.44609102606773376,149
2,genuine,DM,0.07248280286284059,16.64430809020996,13.138696670532227,149
2,genuine,NC,0.6413464470488237,0.19907145202159882,0.17009897530078888,149
2,genuine,NU,0.10840971904409435,0.5998583436012268,0.483433336019516,149
2,bgr_only,DM,-4.300597371965681,39.78937911987305,32.896244049072266,149
2,bgr_only,NC,-1.2770101844537654,0.5015958547592163,0.4407930374145508,149
2,bgr_only,NU,-7.589920964808597,1.8619184494018555,1.637524962425232,149
2,bgr_plus_802,DM,0.18138530091206295,15.636679649353027,11.547863960266113,149
2,bgr_plus_802,NC,0.2875942216280356,0.2805660665035248,0.23780062794685364,149
2,bgr_plus_802,NU,0.4271855150192597,0.4808095395565033,0.403411865234375,149
3,genuine,DM,-0.040941659571978706,16.875446319580078,13.25690746307373,149
3,genuine,NC,0.30380627735751753,0.25956687331199646,0.21300317347049713,149
3,genuine,NU,0.5088225374867388,0.5062623023986816,0.3436439037322998,149
3,bgr_only,DM,-3.581349062647064,35.402896881103516,30.380977630615234,149
3,bgr_only,NC,-0.6401471638818192,0.3984057605266571,0.3452150821685791,149
3,bgr_only,NU,-3.232622580672313,1.4861449003219604,1.1773327589035034,149
3,bgr_plus_802,DM,-0.38361335946871256,19.45581817626953,13.977850914001465,149
3,bgr_plus_802,NC,-0.20308492770654296,0.34121832251548767,0.26712167263031006,149
3,bgr_plus_802,NU,0.4714414245315005,0.5251736640930176,0.3612886071205139,149
4,genuine,DM,0.3096628963439242,18.679458618164062,15.260334014892578,149
4,genuine,NC,0.5852608187065447,0.2349063903093338,0.17570941150188446,149
4,genuine,NU,0.731002493476433,0.5869437456130981,0.4470408260822296,149
4,bgr_only,DM,-3.1228217109090615,45.64896774291992,40.92239761352539,149
4,bgr_only,NC,-1.0023172381852268,0.5161474347114563,0.44153761863708496,149
4,bgr_only,NU,-2.7330806597905783,2.186532974243164,1.9474718570709229,149
4,bgr_plus_802,DM,0.25659055079810567,19.384193420410156,16.418664932250977,149
4,bgr_plus_802,NC,0.46232012859530447,0.26746636629104614,0.21322816610336304,149
4,bgr_plus_802,NU,0.6103627166297493,0.7064030766487122,0.5728088617324829,149
