wavelength_nm,rmse_bgr_full,rmse_bgr_plus_nir_full,rmse_bgr_plot,rmse_bgr_plus_nir_plot,mae_bgr_full,mae_bgr_plus_nir_full,corr_bgr_full,corr_bgr_plus_nir_full,corr_bgr_plot,corr_bgr_plus_nir_plot,rmse_improvement_percent_full,rmse_improvement_percent_plot
410.731,0.017497309,0.010552579,0.017442517,0.010503451,0.013543311,0.0073633674,0.3505248221762272,0.7673338334464067,0.3465747513994003,0.7656548499626874,39.690273,39.78248
425.342,0.018348193,0.011269953,0.018289166,0.011211915,0.014125093,0.007682802,0.3390589451078001,0.7500603502795425,0.3356764994869456,0.7488914657411195,38.577312,38.69641
439.954,0.020149354,0.012431908,0.02008443,0.012368989,0.015570863,0.008463892,0.35403970192450884,0.7534499111042746,0.35074655432350893,0.7523374458741798,38.301205,38.415035
460.41,0.02258868,0.013720046,0.02251523,0.01365123,0.017497182,0.009325139,0.3471583541187898,0.758798340443038,0.34390558854932046,0.75773415806382,39.261406,39.368904
469.177,0.023405993,0.014172307,0.023328641,0.01410058,0.018126795,0.009633619,0.348251244119778,0.760963967873506,0.3449817741416361,0.7598971411176152,39.450092,39.556793
486.711,0.025346428,0.015182329,0.025262216,0.015105765,0.019669645,0.010336632,0.3430572972350957,0.7643645778351787,0.3397670096148448,0.7632987145683202,40.100716,40.204113
501.322,0.027889892,0.016537037,0.027799705,0.016456721,0.021666555,0.011294515,0.3323818779632503,0.7653784546835141,0.32904867447350905,0.7642829101129799,40.705986,40.802532
515.934,0.029970529,0.017602658,0.0298851,0.0175255,0.023334207,0.012076787,0.33015130634520334,0.7685587186474792,0.3267993125745503,0.7674649338465886,41.266777,41.357063
530.545,0.029654155,0.017817907,0.02958332,0.01774801,0.023035048,0.0122357225,0.36856350468261817,0.7719240199843543,0.36531569251529855,0.7709247683275161,39.9143,40.006702
548.079,0.03068686,0.018583464,0.030621976,0.01851511,0.023841828,0.012875464,0.39437543495458866,0.7771876588237744,0.3909728404819202,0.7761846604694455,39.441628,39.536526
559.768,0.033070784,0.019863822,0.03300021,0.019788427,0.025710158,0.013830055,0.387415269514596,0.7771163393021483,0.38387290179564965,0.7760790734877455,39.935436,40.035446
574.38,0.036511686,0.021579606,0.036423326,0.021489507,0.028448647,0.015059358,0.368370643725227,0.7768803204484853,0.3644785409373942,0.775728706222927,40.896713,41.0007
588.991,0.03944773,0.023131842,0.039343685,0.023029698,0.030768987,0.016208274,0.3581167086614452,0.7761306330004184,0.35412642957554963,0.7749258543448813,41.360775,41.465324
603.603,0.041103337,0.023948018,0.04099081,0.023837391,0.032064885,0.016746353,0.361143575025675,0.7809896303709614,0.3569645908289391,0.7798073445749851,41.73705,41.84699
618.214,0.04244674,0.024860214,0.042319972,0.024738573,0.033126723,0.017441561,0.3569896062781772,0.7767522817428595,0.3528475284208014,0.7755441006533731,41.43198,41.543976
635.748,0.04387572,0.025880734,0.043731786,0.02574776,0.03410086,0.01813749,0.3581357902656643,0.774835679768197,0.35400368508760116,0.773562572213308,41.013542,41.123466
653.282,0.04587234,0.027188376,0.045712125,0.027036378,0.035693992,0.019047488,0.3700852069936219,0.777029846444546,0.3658465046588563,0.775839152351594,40.73035,40.85513
664.971,0.045934238,0.027600156,0.04574903,0.027429704,0.0355921,0.01920282,0.3737975418154842,0.7737720029034254,0.3696971627280789,0.7725750671133187,39.91376,40.043095
679.583,0.04604759,0.027913438,0.045842014,0.027726997,0.035523802,0.019295244,0.3768380181581052,0.7719329039256986,0.3729102712315679,0.770762176207516,39.38133,39.51619
694.194,0.049879733,0.029286262,0.049713116,0.029134355,0.038848408,0.020710014,0.36067413700495143,0.7775837344744094,0.35644230992620757,0.7763251358516604,41.28625,41.395035
714.65,0.045524143,0.028476322,0.045454558,0.028409613,0.035438005,0.02058796,0.42546472881029984,0.7770776706302651,0.4225051224626063,0.7760286599420473,37.447865,37.498867
723.417,0.039188463,0.02516292,0.039144143,0.025123052,0.029859826,0.018497363,0.5130101961267485,0.8008279294201772,0.5115832559129275,0.8004721416519408,35.789978,35.81913
738.029,0.05848428,0.014842867,0.0584024,0.01483063,0.046668183,0.011638362,0.21597062757602478,0.9580825566737119,0.2168506757853146,0.9581181482238053,74.62076,74.606125
752.64,0.09727841,0.01702161,0.09716997,0.016993811,0.078084104,0.012761556,-0.09394046998657776,0.9730551515701042,-0.0934036579765624,0.9730461530727612,82.50217,82.51125
767.252,0.11228247,0.02015199,0.112159766,0.02011678,0.08991706,0.014366131,-0.15093760382589738,0.9667966109408703,-0.15046587054426352,0.9668028905062119,82.052414,82.06417
784.786,0.11101779,0.015643917,0.11091943,0.015618839,0.089012414,0.011198984,-0.11139574251658277,0.9818387661218679,-0.11119210315525423,0.9818320075863708,85.90864,85.91875
802.32,0.111082494,0.019227486,0.110974014,0.019196486,0.08895747,0.013973437,-0.11842142017368165,0.9715586214245694,-0.11806801276937276,0.9715540538735801,82.690796,82.70181
814.009,0.106560215,0.015399396,0.106484614,0.0153897945,0.085368015,0.011681444,-0.0516063917755971,0.9821566735942422,-0.051536287573213976,0.9821175112526138,85.548645,85.5474
828.62,0.107246615,0.019839784,0.10715323,0.01981761,0.0857593,0.015032737,-0.08082222851913556,0.968375248234221,-0.08052738113883354,0.9683501044240669,81.50078,81.50535
843.232,0.10739251,0.020854803,0.10729118,0.020821912,0.0858742,0.016014408,-0.07040765039494809,0.9645750488763694,-0.07002050744000128,0.9645950534253294,80.58077,80.59308
857.843,0.10633703,0.020509118,0.106252454,0.020489605,0.084969684,0.015925042,-0.035117834530618876,0.9647206261653809,-0.03485778646671732,0.9647005761149,80.7131,80.71612
872.455,0.10517517,0.021937532,0.10509442,0.02192077,0.08398819,0.017001819,-0.03670257025662769,0.9585746967842539,-0.03645558753897999,0.9585374797197685,79.14191,79.14183
887.066,0.10272446,0.021606859,0.102644905,0.021583289,0.0819814,0.016761847,-0.01184155291291675,0.9615346164108922,-0.011600433256599367,0.9615258112243292,78.966194,78.97286
901.678,0.099122755,0.024132533,0.09905125,0.024109334,0.079058275,0.018977804,0.01839357842350886,0.9471931568848768,0.018605559506611774,0.9471870986347413,75.65389,75.65974
916.289,0.0977019,0.027320901,0.09762089,0.0272897,0.07792377,0.02153427,0.026300377970713527,0.9288207998851209,0.02665145780786256,0.9288649579606533,72.036476,72.04522
933.823,0.09028288,0.034320235,0.09018363,0.034279738,0.07195043,0.027369032,0.009073951310711618,0.8623333227969412,0.009687825193115333,0.8625005316321122,61.985886,61.988956
948.435,0.08095362,0.030360088,0.08087996,0.03032631,0.06418463,0.0238029,0.12845432217919953,0.8853267587472834,0.1288971980739217,0.8854675276040428,62.496937,62.504543
963.046,0.07426014,0.033083055,0.07420175,0.033044104,0.058614787,0.025760254,0.23307188148416397,0.849656503602244,0.23332580140400505,0.8498983774694235,55.44978,55.46722
977.658,0.07630683,0.03347895,0.0762126,0.03343067,0.060384203,0.025900189,0.16760886696884075,0.843515158184391,0.1681303533806401,0.8438848872853304,56.12588,56.134983
992.269,0.07500484,0.03268584,0.074923575,0.032637462,0.059225906,0.025195993,0.214000888053846,0.8542884969458151,0.2144447748347132,0.8546379087091773,56.421696,56.439
